[
  {
    "homeTeam": "FC Barcelona",
    "awayTeam": "Alaves Vitoria",
    "homeGoals": 1,
    "awayGoals": 0
  },
  {
    "homeTeam": "Villareal",
    "awayTeam": "Espanyol Barcelona",
    "homeGoals": 0,
    "awayGoals": 0
  },
  {
    "homeTeam": "Osasuna",
    "awayTeam": "R.S. San Sebastian",
    "homeGoals": 1,
    "awayGoals": 2
  },
  {
    "homeTeam": "Athletic Bilbao",
    "awayTeam": "Getafe",
    "homeGoals": 3,
    "awayGoals": 1
  },
  {
    "homeTeam": "RCD Mallorca",
    "awayTeam": "Laganés",
    "homeGoals": 0,
    "awayGoals": 2
  },
  {
    "homeTeam": "Rayo Vallecano",
    "awayTeam": "FC Valencia",
    "homeGoals": 0,
    "awayGoals": 1
  },
  {
    "homeTeam": "Celta Vigo",
    "awayTeam": "Valladolid",
    "homeGoals": 1,
    "awayGoals": 1
  },
  {
    "homeTeam": "Betis Sevilla",
    "awayTeam": "Las Palmas",
    "homeGoals": 1,
    "awayGoals": 2
  },
  {
    "homeTeam": "Girona FC",
    "awayTeam": "Real Madrid",
    "homeGoals": 0,
    "awayGoals": 0
  },
  {
    "homeTeam": "FC Sevilla",
    "awayTeam": "Atletico Madrid",
    "homeGoals": 0,
    "awayGoals": 0
  }
]