[
  {
    "homeTeam": "FC Luzern",
    "awayTeam": "FC Winterthur",
    "homeGoals": 3,
    "awayGoals": 0
  },
  {
    "homeTeam": "FC Basel 1893",
    "awayTeam": "BSC Young Boys",
    "homeGoals": 0,
    "awayGoals": 3
  },
  {
    "homeTeam": "FC Sion",
    "awayTeam": "FC Zürich",
    "homeGoals": 0,
    "awayGoals": 0
  },
  {
    "homeTeam": "Yverdon-Sport FC",
    "awayTeam": "FC Lugano",
    "homeGoals": 1,
    "awayGoals": 1
  },
  {
    "homeTeam": "Grasshopper Club Zürich",
    "awayTeam": "Servette FC",
    "homeGoals": 2,
    "awayGoals": 1
  },
  {
    "homeTeam": "FC Lausanne-Sport",
    "awayTeam": "FC St. Gallen 1879",
    "homeGoals": 0,
    "awayGoals": 0
  }
]