[
  {
    "homeTeam": "FC Luzern",
    "awayTeam": "FC Basel 1893",
    "homeGoals": 1,
    "awayGoals": 2
  },
  {
    "homeTeam": "BSC Young Boys",
    "awayTeam": "FC Sion",
    "homeGoals": 0,
    "awayGoals": 0
  },
  {
    "homeTeam": "FC Zürich",
    "awayTeam": "Yverdon-Sport FC",
    "homeGoals": 0,
    "awayGoals": 0
  },
  {
    "homeTeam": "FC Lugano",
    "awayTeam": "Grasshopper Club Zürich",
    "homeGoals": 0,
    "awayGoals": 2
  },
  {
    "homeTeam": "Servette FC",
    "awayTeam": "FC Lausanne-Sport",
    "homeGoals": 0,
    "awayGoals": 3
  },
  {
    "homeTeam": "FC St. Gallen 1879",
    "awayTeam": "FC Winterthur",
    "homeGoals": 0,
    "awayGoals": 0
  }
]