[
  {
    "homeTeam": "FSV Mainz 05",
    "awayTeam": "Bayern München",
    "homeGoals": 2,
    "awayGoals": 2
  },
  {
    "homeTeam": "Werder Bremen",
    "awayTeam": "RB Leipzig",
    "homeGoals": 0,
    "awayGoals": 1
  },
  {
    "homeTeam": "VfL Wolfsburg",
    "awayTeam": "Eintracht Frankfurt",
    "homeGoals": 0,
    "awayGoals": 3
  },
  {
    "homeTeam": "Augsburg",
    "awayTeam": "SC Freiburg",
    "homeGoals": 1,
    "awayGoals": 3
  },
  {
    "homeTeam": "Mönchengladbach",
    "awayTeam": "Bayer Leverkusen",
    "homeGoals": 4,
    "awayGoals": 3
  },
  {
    "homeTeam": "FC St. Pauli",
    "awayTeam": "Union Berlin",
    "homeGoals": 3,
    "awayGoals": 1
  },
  {
    "homeTeam": "TSG Hoffenheim",
    "awayTeam": "Borussia Dortmund",
    "homeGoals": 0,
    "awayGoals": 3
  },
  {
    "homeTeam": "Holsten Kiel",
    "awayTeam": "VfB Stuttgart",
    "homeGoals": 1,
    "awayGoals": 0
  },
  {
    "homeTeam": "VfL Bochum",
    "awayTeam": "1. FC Heidenheim",
    "homeGoals": 0,
    "awayGoals": 0
  }
]