[
  {
    "homeTeam": "VfL Wolfsburg",
    "awayTeam": "Bayern München",
    "homeGoals": 0,
    "awayGoals": 1
  },
  {
    "homeTeam": "Augsburg",
    "awayTeam": "SC Freiburg",
    "homeGoals": 0,
    "awayGoals": 4
  },
  {
    "homeTeam": "Mönchengladbach",
    "awayTeam": "Bayer Leverkusen",
    "homeGoals": 1,
    "awayGoals": 3
  },
  {
    "homeTeam": "FC St. Pauli",
    "awayTeam": "Union Berlin",
    "homeGoals": 0,
    "awayGoals": 1
  },
  {
    "homeTeam": "TSG Hoffenheim",
    "awayTeam": "Borussia Dortmund",
    "homeGoals": 1,
    "awayGoals": 5
  },
  {
    "homeTeam": "Holsten Kiel",
    "awayTeam": "VfB Stuttgart",
    "homeGoals": 0,
    "awayGoals": 0
  },
  {
    "homeTeam": "VfL Bochum",
    "awayTeam": "1. FC Heidenheim",
    "homeGoals": 0,
    "awayGoals": 4
  },
  {
    "homeTeam": "RB Leipzig",
    "awayTeam": "FSV Mainz 05",
    "homeGoals": 2,
    "awayGoals": 1
  },
  {
    "homeTeam": "Eintracht Frankfurt",
    "awayTeam": "Werder Bremen",
    "homeGoals": 0,
    "awayGoals": 0
  }
]