[
  {
    "homeTeam": "Holsten Kiel",
    "awayTeam": "Bayern München",
    "homeGoals": 0,
    "awayGoals": 4
  },
  {
    "homeTeam": "VfL Bochum",
    "awayTeam": "1. FC Heidenheim",
    "homeGoals": 0,
    "awayGoals": 2
  },
  {
    "homeTeam": "RB Leipzig",
    "awayTeam": "FSV Mainz 05",
    "homeGoals": 2,
    "awayGoals": 3
  },
  {
    "homeTeam": "Eintracht Frankfurt",
    "awayTeam": "Werder Bremen",
    "homeGoals": 0,
    "awayGoals": 0
  },
  {
    "homeTeam": "SC Freiburg",
    "awayTeam": "VfL Wolfsburg",
    "homeGoals": 2,
    "awayGoals": 0
  },
  {
    "homeTeam": "Bayer Leverkusen",
    "awayTeam": "Augsburg",
    "homeGoals": 0,
    "awayGoals": 0
  },
  {
    "homeTeam": "Union Berlin",
    "awayTeam": "Mönchengladbach",
    "homeGoals": 2,
    "awayGoals": 0
  },
  {
    "homeTeam": "Borussia Dortmund",
    "awayTeam": "FC St. Pauli",
    "homeGoals": 0,
    "awayGoals": 2
  },
  {
    "homeTeam": "VfB Stuttgart",
    "awayTeam": "TSG Hoffenheim",
    "homeGoals": 0,
    "awayGoals": 1
  }
]