[
  {
    "homeTeam": "AS Monaco",
    "awayTeam": "Paris St-Germain",
    "homeGoals": 3,
    "awayGoals": 5
  },
  {
    "homeTeam": "Brest",
    "awayTeam": "Olympique Marseille",
    "homeGoals": 3,
    "awayGoals": 2
  },
  {
    "homeTeam": "Rennes",
    "awayTeam": "Stade Reims",
    "homeGoals": 1,
    "awayGoals": 2
  },
  {
    "homeTeam": "St-Etienne",
    "awayTeam": "Lille",
    "homeGoals": 0,
    "awayGoals": 0
  },
  {
    "homeTeam": "Auxerre",
    "awayTeam": "Lens",
    "homeGoals": 2,
    "awayGoals": 1
  },
  {
    "homeTeam": "Le Havre AC",
    "awayTeam": "RC Strassburg",
    "homeGoals": 4,
    "awayGoals": 3
  },
  {
    "homeTeam": "Toulouse",
    "awayTeam": "Lyon",
    "homeGoals": 0,
    "awayGoals": 4
  },
  {
    "homeTeam": "Montpellier",
    "awayTeam": "OGC Nizza",
    "homeGoals": 1,
    "awayGoals": 2
  },
  {
    "homeTeam": "Angers",
    "awayTeam": "Nantes",
    "homeGoals": 2,
    "awayGoals": 2
  }
]