[
  {
    "homeTeam": "Le Havre AC",
    "awayTeam": "AS Monaco",
    "homeGoals": 1,
    "awayGoals": 0
  },
  {
    "homeTeam": "Toulouse",
    "awayTeam": "RC Strassburg",
    "homeGoals": 2,
    "awayGoals": 1
  },
  {
    "homeTeam": "Montpellier",
    "awayTeam": "Lyon",
    "homeGoals": 1,
    "awayGoals": 0
  },
  {
    "homeTeam": "Angers",
    "awayTeam": "OGC Nizza",
    "homeGoals": 3,
    "awayGoals": 1
  },
  {
    "homeTeam": "Paris St-Germain",
    "awayTeam": "Nantes",
    "homeGoals": 5,
    "awayGoals": 1
  },
  {
    "homeTeam": "Olympique Marseille",
    "awayTeam": "Brest",
    "homeGoals": 1,
    "awayGoals": 0
  },
  {
    "homeTeam": "Stade Reims",
    "awayTeam": "Rennes",
    "homeGoals": 2,
    "awayGoals": 0
  },
  {
    "homeTeam": "Lille",
    "awayTeam": "St-Etienne",
    "homeGoals": 0,
    "awayGoals": 0
  },
  {
    "homeTeam": "Lens",
    "awayTeam": "Auxerre",
    "homeGoals": 2,
    "awayGoals": 2
  }
]