[
  {
    "homeTeam": "Lille",
    "awayTeam": "AS Monaco",
    "homeGoals": 2,
    "awayGoals": 3
  },
  {
    "homeTeam": "Lens",
    "awayTeam": "Auxerre",
    "homeGoals": 2,
    "awayGoals": 2
  },
  {
    "homeTeam": "RC Strassburg",
    "awayTeam": "Le Havre AC",
    "homeGoals": 0,
    "awayGoals": 4
  },
  {
    "homeTeam": "Lyon",
    "awayTeam": "Toulouse",
    "homeGoals": 0,
    "awayGoals": 0
  },
  {
    "homeTeam": "OGC Nizza",
    "awayTeam": "Montpellier",
    "homeGoals": 4,
    "awayGoals": 0
  },
  {
    "homeTeam": "Nantes",
    "awayTeam": "Angers",
    "homeGoals": 2,
    "awayGoals": 0
  },
  {
    "homeTeam": "Brest",
    "awayTeam": "Paris St-Germain",
    "homeGoals": 0,
    "awayGoals": 4
  },
  {
    "homeTeam": "Rennes",
    "awayTeam": "Olympique Marseille",
    "homeGoals": 0,
    "awayGoals": 2
  },
  {
    "homeTeam": "St-Etienne",
    "awayTeam": "Stade Reims",
    "homeGoals": 2,
    "awayGoals": 2
  }
]