[
  {
    "homeTeam": "Leicester",
    "awayTeam": "Liverpool",
    "homeGoals": 0,
    "awayGoals": 1
  },
  {
    "homeTeam": "Everton",
    "awayTeam": "Brighton",
    "homeGoals": 1,
    "awayGoals": 3
  },
  {
    "homeTeam": "Ipswitch Town",
    "awayTeam": "Newcastle",
    "homeGoals": 4,
    "awayGoals": 4
  },
  {
    "homeTeam": "Crystal Palace",
    "awayTeam": "Fulham",
    "homeGoals": 0,
    "awayGoals": 0
  },
  {
    "homeTeam": "Southhampton",
    "awayTeam": "Tottenham Hotspur",
    "homeGoals": 1,
    "awayGoals": 2
  },
  {
    "homeTeam": "Wolverhampton",
    "awayTeam": "Nottingham Forest",
    "homeGoals": 2,
    "awayGoals": 1
  },
  {
    "homeTeam": "Manchester City",
    "awayTeam": "Brentford",
    "homeGoals": 2,
    "awayGoals": 1
  },
  {
    "homeTeam": "Arsenal",
    "awayTeam": "West Ham United",
    "homeGoals": 4,
    "awayGoals": 0
  },
  {
    "homeTeam": "Chelsea",
    "awayTeam": "Bournemouth",
    "homeGoals": 3,
    "awayGoals": 1
  },
  {
    "homeTeam": "Aston Villa",
    "awayTeam": "Manchester United",
    "homeGoals": 0,
    "awayGoals": 3
  }
]