[
  {
    "homeTeam": "Arsenal",
    "awayTeam": "Liverpool",
    "homeGoals": 1,
    "awayGoals": 0
  },
  {
    "homeTeam": "Chelsea",
    "awayTeam": "Bournemouth",
    "homeGoals": 2,
    "awayGoals": 4
  },
  {
    "homeTeam": "Aston Villa",
    "awayTeam": "Manchester United",
    "homeGoals": 0,
    "awayGoals": 0
  },
  {
    "homeTeam": "Brighton",
    "awayTeam": "Leicester",
    "homeGoals": 2,
    "awayGoals": 0
  },
  {
    "homeTeam": "Newcastle",
    "awayTeam": "Everton",
    "homeGoals": 1,
    "awayGoals": 0
  },
  {
    "homeTeam": "Fulham",
    "awayTeam": "Ipswitch Town",
    "homeGoals": 2,
    "awayGoals": 0
  },
  {
    "homeTeam": "Tottenham Hotspur",
    "awayTeam": "Crystal Palace",
    "homeGoals": 0,
    "awayGoals": 2
  },
  {
    "homeTeam": "Nottingham Forest",
    "awayTeam": "Southhampton",
    "homeGoals": 0,
    "awayGoals": 0
  },
  {
    "homeTeam": "Brentford",
    "awayTeam": "Wolverhampton",
    "homeGoals": 0,
    "awayGoals": 1
  },
  {
    "homeTeam": "West Ham United",
    "awayTeam": "Manchester City",
    "homeGoals": 2,
    "awayGoals": 1
  }
]