[
  {
    "homeTeam": "Napoli",
    "awayTeam": "Fiorentina",
    "homeGoals": 4,
    "awayGoals": 1
  },
  {
    "homeTeam": "Inter Mailand",
    "awayTeam": "Verona",
    "homeGoals": 0,
    "awayGoals": 2
  },
  {
    "homeTeam": "Juventus Turin",
    "awayTeam": "Bologna",
    "homeGoals": 1,
    "awayGoals": 0
  },
  {
    "homeTeam": "Lazio Rom",
    "awayTeam": "Como",
    "homeGoals": 0,
    "awayGoals": 1
  },
  {
    "homeTeam": "Udinese",
    "awayTeam": "FC Parma",
    "homeGoals": 3,
    "awayGoals": 2
  },
  {
    "homeTeam": "AC Milan",
    "awayTeam": "Cagliari",
    "homeGoals": 1,
    "awayGoals": 1
  },
  {
    "homeTeam": "Torino",
    "awayTeam": "Lecce",
    "homeGoals": 0,
    "awayGoals": 1
  },
  {
    "homeTeam": "Atalanta Bergamo",
    "awayTeam": "Genoa",
    "homeGoals": 0,
    "awayGoals": 0
  },
  {
    "homeTeam": "AS Roma",
    "awayTeam": "Monza",
    "homeGoals": 2,
    "awayGoals": 1
  },
  {
    "homeTeam": "Empoli",
    "awayTeam": "Venezia",
    "homeGoals": 0,
    "awayGoals": 0
  }
]