[
  {
    "homeTeam": "FC Parma",
    "awayTeam": "Napoli",
    "homeGoals": 0,
    "awayGoals": 1
  },
  {
    "homeTeam": "Cagliari",
    "awayTeam": "AC Milan",
    "homeGoals": 1,
    "awayGoals": 2
  },
  {
    "homeTeam": "Lecce",
    "awayTeam": "Torino",
    "homeGoals": 0,
    "awayGoals": 1
  },
  {
    "homeTeam": "Genoa",
    "awayTeam": "Atalanta Bergamo",
    "homeGoals": 1,
    "awayGoals": 0
  },
  {
    "homeTeam": "Monza",
    "awayTeam": "AS Roma",
    "homeGoals": 0,
    "awayGoals": 4
  },
  {
    "homeTeam": "Venezia",
    "awayTeam": "Empoli",
    "homeGoals": 0,
    "awayGoals": 1
  },
  {
    "homeTeam": "Inter Mailand",
    "awayTeam": "Fiorentina",
    "homeGoals": 0,
    "awayGoals": 0
  },
  {
    "homeTeam": "Juventus Turin",
    "awayTeam": "Verona",
    "homeGoals": 0,
    "awayGoals": 0
  },
  {
    "homeTeam": "Lazio Rom",
    "awayTeam": "Bologna",
    "homeGoals": 0,
    "awayGoals": 2
  },
  {
    "homeTeam": "Udinese",
    "awayTeam": "Como",
    "homeGoals": 2,
    "awayGoals": 4
  }
]